Date (date),Country Name (country_name),ISO Alpha 3 Code (alpha_3_code),Country Code (country_code),Region Name (region),Region Code (region_code),Sub-Region Name (sub_region),Sub-Region Code (sub_region_code),Harmonized System Code (hs_code),Commodity Name (commodity),Unit of Quantity (unit),Quantity of commodity (value_qt),Value of commodity quantity in INR (value_rs),Value of commodity quantity in US Dollars (value_dl)
"2016-05-01","France","FRA","250","Europe","150","Western Europe","155","25162000","Sandstone","Kgs","3047.5","195.12","0.29"
"2020-12-01","Spain","ESP","724","Europe","150","Southern Europe","39","90230090","Othr Demonstration Aids","Nos","0.83","4.64","0.01"
"2018-04-01","Hungary","HUN","348","Europe","150","Eastern Europe","151","74199990","*Others","Kgs","","0.01",""
"2024-10-01","Belgium","BEL","56","Europe","150","Western Europe","155","84822011","Tappered Roller Bearings(Radial Type) <=50 Mm Or 2 Inches Bore Diameter","Nos","21161.0","0.86","0.1"
"2025-07-01","Italy","ITA","380","Europe","150","Southern Europe","39","90278990","Other","Nos","304.0","0.05","0.01"
"2020-07-01","Russian Federation","RUS","643","Europe","150","Eastern Europe","151","76121090","Collapsible Tubular Containers :Other","Kgs","5.19","56.8","0.08"
"2021-02-01","Ireland","IRL","372","Europe","150","Northern Europe","154","90015000","Spectacle Lenses Of Othr Materials","Nos","6.68","16.21","0.02"
"2021-03-01","Kingdom of the Netherlands","NLD","528","Europe","150","Western Europe","155","83099020","Aluminium Caps And Closures","Kgs","2.62","22.29","0.03"
"2024-05-01","Czechia","CZE","203","Europe","150","Eastern Europe","151","39174000","Fittings For Tubes Pipes And Hoses Of Plstc","Kgs","70.0","0.01","0.0"
"2015-09-01","Luxembourg","LUX","442","Europe","150","Western Europe","155","73269099","All Other Articles Of Iron/Steel Nes Other Steering Or Rudder Equipment For Ships And Boats, N.E.S.","Kgs","0.8","0.88","0.0"
"2025-06-01","Spain","ESP","724","Europe","150","Southern Europe","39","29159092","Octoic Acid (Caprylic Acid)","Kgs","19920.0","1.04","0.12"
"2019-09-01","France","FRA","250","Europe","150","Western Europe","155","42022210","Hnd Bgs/Shppng Bgs Of Artfcl Plstc Mtrl","Nos","0.93","22.53","0.03"
"2020-07-01","Albania","ALB","8","Europe","150","Southern Europe","39","90185090","Ophthalmic Surgical Instrmnt And Appliances","Nos","0.26","0.51","0.0"
"2015-04-01","Germany","DEU","276","Europe","150","Western Europe","155","29221990","Other","Kgs","12.27","69.11","0.11"
"2017-11-01","Denmark","DNK","208","Europe","150","Northern Europe","154","30049099","Other Medcne Put Up For Retail Sale N.E.S","Kgs","9.4","166.37","0.26"
"2020-02-01","Germany","DEU","276","Europe","150","Western Europe","155","63071090","Others","Kgs","6.04","28.0","0.04"
"2016-03-01","Germany","DEU","276","Europe","150","Western Europe","155","29309099","Other Organo-Sulphur Compnds","Kgs","28.4","1058.48","1.58"
"2019-01-01","Germany","DEU","276","Europe","150","Western Europe","155","84689000","Parts Of Articles Of Heading 8468","Kgs","10.85","45.13","0.06"
"2019-08-01","Kingdom of the Netherlands","NLD","528","Europe","150","Western Europe","155","61051090","Other Shirts Of Cotton","Nos","10.13","39.14","0.06"
"2021-10-01","France","FRA","250","Europe","150","Western Europe","155","57019090","Crpts And Flr Cvrngs Knottd Othr Than Cotton","Sqm","0.23","11.52","0.02"
"2021-03-01","Ireland","IRL","372","Europe","150","Northern Europe","154","29397910","*Nicotine","Kgs","2.0","136.04","0.19"
"2020-07-01","Belgium","BEL","56","Europe","150","Western Europe","155","72202029","Strips For Pipes And Tubes(Othr Thn Skelp) Othr Types","Kgs","97.0","221.62","0.3"
"2019-12-01","Switzerland","CHE","756","Europe","150","Western Europe","155","85366190","Lmp Hldrs Of Othr Matrls","Nos","71.7","11.9","0.02"
"2018-05-01","United Kingdom of Great Britain and Northern Ireland","GBR","826","Europe","150","Northern Europe","154","52091220","Shirting Fabrics","Sqm","0.57","0.42","0.0"
"2015-01-01","Ireland","IRL","372","Europe","150","Northern Europe","154","76151030","Other Table, Kitchen Or Other Household Articles","Kgs","8.34","21.58","0.03"
"2018-09-01","Switzerland","CHE","756","Europe","150","Western Europe","155","63029190","Other Bed Linen, Table Lenen, Toilet Linen, Kitchen Linen: Of Cotton, Other Than Handloom","Kgs","0.3","0.8","0.0"
"2025-03-01","Russian Federation","RUS","643","Europe","150","Eastern Europe","151","87089300","Clutches And Prts Thereof","Kgs","4692.0","0.33","0.04"
"2021-01-01","United Kingdom of Great Britain and Northern Ireland","GBR","826","Europe","150","Northern Europe","154","8109050","Bore","Kgs","9.02","13.89","0.02"
"2018-12-01","Norway","NOR","578","Europe","150","Northern Europe","154","61083990","Nightdresses And Pyjamas Of Othr Fibres","Nos","3.47","10.41","0.01"
"2025-01-01","Spain","ESP","724","Europe","150","Southern Europe","39","52041120","Cotton Thread,Darning","Kgs","90.0","0.0","0.0"
"2024-12-01","France","FRA","250","Europe","150","Western Europe","155","57050022","Durries Of Man-Made Fibres","Sqm","24.0","0.01","0.0"
"2021-03-01","Bosnia and Herzegovina","BIH","70","Europe","150","Southern Europe","39","84212900","Othr Fltrng/Purfyng Mchnry And Apprts Fr Lqd","Nos","0.1","0.2","0.0"
"2024-04-01","United Kingdom of Great Britain and Northern Ireland","GBR","826","Europe","150","Northern Europe","154","64062000","Outer Soles And Heels Of Rbber/Plstcs","Kgs","1866.0","0.35","0.04"
"2021-04-01","Netherlands Antilles","None","None","Europe","150","Western Europe","155","62044400","Dresses Of Artificial Fibres","Nos","16.56","94.18","0.13"
"2024-09-01","Switzerland","CHE","756","Europe","150","Western Europe","155","85423900","Other","Nos","1.0","0.0","0.0"
"2017-02-01","Greece","GRC","300","Europe","150","Southern Europe","39","72023000","Ferro-Silico-Manganese","Kgs","300.0","215.11","0.32"
"2018-07-01","Spain","ESP","724","Europe","150","Southern Europe","39","30049073","Losartan","Kgs","0.14","5.59","0.01"
"2017-11-01","United Kingdom of Great Britain and Northern Ireland","GBR","826","Europe","150","Northern Europe","154","94043090","Othr Sleeping Bags","Nos","21.99","93.1","0.14"
"2015-09-01","Switzerland","CHE","756","Europe","150","Western Europe","155","87142090","Other","Kgs","1.45","5.55","0.01"
"2015-12-01","Ukraine","UKR","804","Europe","150","Eastern Europe","151","38231190","*0Ther Stearic Acid/Stearin","Kgs","3.0","1.6","0.0"
"2024-09-01","Poland","POL","616","Europe","150","Eastern Europe","151","84314990","Prts Of Othr Macnry Of Hd 8426,8429,8430","Kgs","53948.0","1.37","0.16"
"2021-03-01","Italy","ITA","380","Europe","150","Southern Europe","39","90189099","Othr Srgcl Instrmnts And Applncs (Incl Vtrnry)","Nos","33.57","115.06","0.16"
"2021-05-01","Norway","NOR","578","Europe","150","Northern Europe","154","57019090","Crpts And Flr Cvrngs Knottd Othr Than Cotton","Sqm","0.46","7.44","0.01"
"2021-06-01","Austria","AUT","40","Europe","150","Western Europe","155","94031090","Others","Kgs","0.11","0.23","0.0"
"2018-01-01","Spain","ESP","724","Europe","150","Southern Europe","39","84141000","Vacuum Pumps","Nos","0.0","5.89","0.01"
"2024-07-01","Switzerland","CHE","756","Europe","150","Western Europe","155","19021900","Othr Uncookd Notstfd/Othrwse Prpd Psta","Kgs","151.0","0.0","0.0"
"2025-05-01","Italy","ITA","380","Europe","150","Southern Europe","39","62022090","Others","Nos","4.0","0.0","0.0"
"2024-12-01","Italy","ITA","380","Europe","150","Southern Europe","39","87131010","Wheel Chairs Fr Invalid Nt Mchncly Prpld","Nos","522.0","0.65","0.08"
"2024-10-01","United Kingdom of Great Britain and Northern Ireland","GBR","826","Europe","150","Northern Europe","154","72230092","Wire Of Stains Stl Of Thckns 1.5 To 0.46Mm","Kgs","53174.0","1.7","0.2"
"2019-05-01","France","FRA","250","Europe","150","Western Europe","155","17049030","Toffees,Caramels And Sim Sweets","Kgs","0.02","0.03",""
"2019-11-01","Serbia","SRB","688","Europe","150","Southern Europe","39","30049079","Other Antihypertensive Drugs","Kgs","0.15","15.42","0.02"
"2024-05-01","Sweden","SWE","752","Europe","150","Northern Europe","154","73239990","Other Household Utensils And Its Parts N.E.S","Nos","13042.0","0.09","0.01"
"2016-04-01","Estonia","EST","233","Europe","150","Northern Europe","154","62044400","Dresses Of Artificial Fibres","Nos","46.31","252.87","0.38"
"2021-09-01","Portugal","PRT","620","Europe","150","Southern Europe","39","61051010","Cotton Shirts,Hand Crocheted","Nos","7.37","32.64","0.04"
"2021-09-01","Poland","POL","616","Europe","150","Eastern Europe","151","61142000","Other Garments Of Cotton","Kgs","14.25","154.21","0.21"
"2015-09-01","Sweden","SWE","752","Europe","150","Northern Europe","154","7122000","Onions Dried","Kgs","107.77","157.11","0.24"
"2025-01-01","Russian Federation","RUS","643","Europe","150","Eastern Europe","151","73079190","Non-Galvanised","Kgs","4.0","0.02","0.0"
"2017-01-01","Denmark","DNK","208","Europe","150","Northern Europe","154","95069960","Sports Nets","Nos","0.1","0.56","0.0"
"2021-03-01","Denmark","DNK","208","Europe","150","Northern Europe","154","87089100","Radiators","Kgs","0.12","0.2","0.0"
"2019-09-01","Greece","GRC","300","Europe","150","Southern Europe","39","61045200","Skirts And Divided Skirts Of Cotton","Nos","0.7","2.31","0.0"
"2025-03-01","France","FRA","250","Europe","150","Western Europe","155","56079010","Coir, Cordage And Ropes Othr Than Cotton","Kgs","15467.0","0.15","0.02"
"2015-12-01","Russian Federation","RUS","643","Europe","150","Eastern Europe","151","39202090","Pltes Shts Of Polymrs Of Propyln Nes","Kgs","44.98","87.46","0.13"
"2021-04-01","Bulgaria","BGR","100","Europe","150","Eastern Europe","151","40139090","Inner Tubes Used In Other Vehicles","Nos","0.04","0.17","0.0"
"2021-03-01","Belarus","BLR","112","Europe","150","Eastern Europe","151","32041759","Others Pigment Blue","Kgs","10.0","44.39","0.06"
"2018-08-01","Germany","DEU","276","Europe","150","Western Europe","155","52054810","Grey","Kgs","63.81","437.72","0.63"
"2019-09-01","Poland","POL","616","Europe","150","Eastern Europe","151","85044010","Electric Inverters","Nos","0.0","1.39","0.0"
"2020-09-01","Germany","DEU","276","Europe","150","Western Europe","155","8028020","Split","Kgs","0.17","1.11","0.0"
"2019-10-01","Hungary","HUN","348","Europe","150","Eastern Europe","151","74181022","Of Copper","Kgs","0.03","0.18","0.0"
"2025-07-01","United Kingdom of Great Britain and Northern Ireland","GBR","826","Europe","150","Northern Europe","154","90012000","Sheets And Plates Of Polarising Material","Kgs","11.0","0.06","0.01"
"2015-03-01","United Kingdom of Great Britain and Northern Ireland","GBR","826","Europe","150","Northern Europe","154","29333919","Other Derivatives Of Pyradine","Kgs","0.01","0.12","0.0"
"2017-09-01","Poland","POL","616","Europe","150","Eastern Europe","151","96035000","Othr Brshs Constng Prts Of Mchns,Vhcls Etc","Nos","7.4","0.97","0.0"
"2019-01-01","Germany","DEU","276","Europe","150","Western Europe","155","41139000","Leather Further Of Other Animals","Kgs","0.02","0.71","0.0"
"2019-10-01","Hungary","HUN","348","Europe","150","Eastern Europe","151","29225090","Other Frusemide Aminodial Domperidone","Kgs","0.15","10.24","0.01"
"2020-10-01","Slovakia","SVK","703","Europe","150","Eastern Europe","151","96035000","Othr Brshs Constng Prts Of Mchns,Vhcls Etc","Nos","0.01","0.3","0.0"
"2021-12-01","Germany","DEU","276","Europe","150","Western Europe","155","62061090","Women/Grls Blouses,Shrts And Shrt-Blouses Of Othr Fibres","Nos","1.37","3.55","0.0"
"2021-10-01","Ireland","IRL","372","Europe","150","Northern Europe","154","61102000","Jerseys Etc Of Cotton","Nos","37.55","253.79","0.34"
"2025-04-01","France","FRA","250","Europe","150","Western Europe","155","84099911","Valves,Inlet And Exhaust","Kgs","4.0","0.0","0.0"
"2018-09-01","Romania","ROU","642","Europe","150","Eastern Europe","151","30049011","Medicaments Of Ayurvedic System","Kgs","28.31","204.9","0.28"
"2015-09-01","Spain","ESP","724","Europe","150","Southern Europe","39","62044220","Dresses Of Cotton","Nos","116.33","593.31","0.9"
"2019-04-01","Serbia","SRB","688","Europe","150","Southern Europe","39","97030090","*Orignl Sclptrs And Statuary In Othr Matrls","Nos","0.21","0.23","0.0"
"2025-07-01","Spain","ESP","724","Europe","150","Southern Europe","39","7122000","Onions Dried","Kgs","221362.0","3.59","0.42"
"2025-02-01","Germany","DEU","276","Europe","150","Western Europe","155","33049940","Sindur,Bindi,Kumkum","Kgs","1.0","0.0","0.0"
"2016-02-01","Germany","DEU","276","Europe","150","Western Europe","155","9042221","Powder","Kgs","2.0","12.32","0.02"
"2016-08-01","Finland","FIN","246","Europe","150","Northern Europe","154","40116300","*New Pnmtc Tyres Used On Constrn Or Industlvehicle/Machine With Rim Size More Than 61 Cww Having"Hr-Bon"Orsimi","Nos","0.0","0.55","0.0"
"2016-05-01","Sweden","SWE","752","Europe","150","Northern Europe","154","84399100","Parts Of Machinery For Making Pulp Of Fibrous Cellulosic Material","Kgs","0.8","14.83","0.02"
"2019-04-01","Kingdom of the Netherlands","NLD","528","Europe","150","Western Europe","155","40129020","Solid Rubber Tyres For Other Vehivles","Kgs","0.03","1.24","0.0"
"2021-03-01","Finland","FIN","246","Europe","150","Northern Europe","154","13021919","Other Extracts","Kgs","0.03","1.76","0.0"
"2021-11-01","Slovenia","SVN","705","Europe","150","Southern Europe","39","29335400","Other Derivatives Of Malonylurea (Barbituric Acid ), Salts Thereof","Kgs","","0.02",""
"2017-11-01","United Kingdom of Great Britain and Northern Ireland","GBR","826","Europe","150","Northern Europe","154","62093000","Babies Grmnts And Clothng Access Of Syn Fibr","Nos","42.79","156.03","0.24"
"2025-05-01","Poland","POL","616","Europe","150","Eastern Europe","151","11061010","Guar Meal","Kgs","144000.0","1.26","0.15"
"2018-11-01","France","FRA","250","Europe","150","Western Europe","155","85177090","*Othr Parts Of Telephonc/Telegrphc Apparts","Kgs","44.09","279.67","0.39"
"2017-08-01","United Kingdom of Great Britain and Northern Ireland","GBR","826","Europe","150","Northern Europe","154","3069400","Norway Lobsters Othn Thn Live Fresh Or Chilled","Kgs","46.07","139.83","0.22"
"2019-04-01","Switzerland","CHE","756","Europe","150","Western Europe","155","85030090","Parts Of Othr Rotating Electrc Plants","Kgs","1.91","0.86","0.0"
"2018-04-01","United Kingdom of Great Britain and Northern Ireland","GBR","826","Europe","150","Northern Europe","154","57050019","Carpets Othr Than Silk","Sqm","0.4","3.15","0.0"
"2018-04-01","Estonia","EST","233","Europe","150","Northern Europe","154","33059090","Othr Prpns For Use On Hair N.E.S.","Kgs","0.26","1.4","0.0"
"2016-03-01","Germany","DEU","276","Europe","150","Western Europe","155","10062000","Husked (Brown) Rice","Kgs","26.0","12.42","0.02"
"2019-06-01","Spain","ESP","724","Europe","150","Southern Europe","39","85072000","Other Lead-Acid Accumulators","Nos","3.55","178.13","0.26"
"2015-04-01","Italy","ITA","380","Europe","150","Southern Europe","39","84792090","Oil Seed Crushng/Grndng Mchnry (Including For Extrctn/Prpn Of Anml/Vgtbl Fatsandoils","Nos","0.02","27.89","0.04"
"2015-02-01","Hungary","HUN","348","Europe","150","Eastern Europe","151","85176290","Other","Nos","0.03","180.5","0.29"
"2019-04-01","Norway","NOR","578","Europe","150","Northern Europe","154","8011210","Fresh Endocarp","Kgs","0.05","0.03",""
"2016-12-01","Spain","ESP","724","Europe","150","Southern Europe","39","63049241","Table Cloth And Table Covers Of Handloom","Nos","19.36","57.69","0.08"
"2015-10-01","Switzerland","CHE","756","Europe","150","Western Europe","155","57011000","*Carpets And Other Textile Floor Coverings Of Wool Or Fine Animal Hair, Knotted","Sqm","1.18","49.01","0.08"
"2020-09-01","Romania","ROU","642","Europe","150","Eastern Europe","151","84123100","Linear Acting (Cylinders),Pneumatic Power Engines And Motors","Nos","0.04","0.94","0.0"
"2017-06-01","Greece","GRC","300","Europe","150","Southern Europe","39","62114290","Cotn Grmnts Othr Thn Kurta And Salwar Wth Without Duppatta","Nos","63.92","150.15","0.23"
"2019-12-01","Kingdom of the Netherlands","NLD","528","Europe","150","Western Europe","155","56075040","Nylon Rope","Kgs","4.31","10.85","0.02"
"2018-05-01","Kingdom of the Netherlands","NLD","528","Europe","150","Western Europe","155","9041190","Othr Pepper Nthr Crshd Nor Grnd","Kgs","1.0","9.93","0.01"
"2019-05-01","France","FRA","250","Europe","150","Western Europe","155","9103020","Dry","Kgs","64.0","72.26","0.1"
"2017-02-01","Spain","ESP","724","Europe","150","Southern Europe","39","52091290","Others","Sqm","110.75","42.95","0.06"
"2015-04-01","Croatia","HRV","191","Europe","150","Southern Europe","39","39206210","Pltes Shts Etc Of Plyethyln Terephthalte Rigid, Plain","Kgs","10.02","9.09","0.01"
"2025-04-01","Russian Federation","RUS","643","Europe","150","Eastern Europe","151","85423300","Amplifiers","Nos","17.0","4.79","0.56"
"2020-03-01","Bosnia and Herzegovina","BIH","70","Europe","150","Southern Europe","39","69109000","Othr Sanitary Fixtures(Excl Of Porcelain)","Kgs","1.0","1.44","0.0"
"2019-06-01","Germany","DEU","276","Europe","150","Western Europe","155","85123090","Others","Nos","0.0","0.02",""
"2016-05-01","Kingdom of the Netherlands","NLD","528","Europe","150","Western Europe","155","29270090","Other Diazo-Azo-Or Azoxy-Compounds","Kgs","0.02","11.41","0.02"
"2018-05-01","Spain","ESP","724","Europe","150","Southern Europe","39","40094200","Tubes,Pipes,Andhoses Of Vulcnsd Rubr Reinforced Otherwse Combined With Other Matarials With Fittings","Kgs","8.67","95.54","0.14"
"2019-11-01","Denmark","DNK","208","Europe","150","Northern Europe","154","42029200","Other Articles With Outer Surface Of Plastic Sheeting Or Of Txtl Materials","Nos","6.89","30.9","0.04"
"2025-05-01","Germany","DEU","276","Europe","150","Western Europe","155","40070010","Thread Of Vulense Rubr,Not Covrd Elsewhere","Kgs","14948.0","0.78","0.09"
"2020-11-01","Germany","DEU","276","Europe","150","Western Europe","155","61046100","Trousers,Bib And Brace Overalls,Breeches And Shorts Of Wool/Fne Animal Hair","Nos","0.0","0.04",""
"2016-12-01","Poland","POL","616","Europe","150","Eastern Europe","151","52051110","Grey","Kgs","22.14","29.39","0.04"
"2017-07-01","Kingdom of the Netherlands","NLD","528","Europe","150","Western Europe","155","73065000","Other,Welded,Of Circular Cross-Section, Of Other Alloy Steel Tube/Pipes","Kgs","436.0","188.57","0.29"
"2024-09-01","Lithuania","LTU","440","Europe","150","Northern Europe","154","29332990","Other Compnds Cntng An Unfused Imidazole Ring (W/N Hydrgntd ) In Structure","Kgs","3.0","0.02","0.0"
"2016-03-01","Poland","POL","616","Europe","150","Eastern Europe","151","61046990","Trousers,Bib And Brace Etc Of Other Fibres","Nos","51.7","67.55","0.1"
"2017-04-01","Denmark","DNK","208","Europe","150","Northern Europe","154","72224020","Angles Etc.Of Less Than 80 Mm","Kgs","57.0","96.1","0.15"
"2015-04-01","France","FRA","250","Europe","150","Western Europe","155","29081900","Other Derivtvs Containing Only Halogen Substituents And Their Salts","Kgs","3.5","453.55","0.72"
"2021-10-01","Croatia","HRV","191","Europe","150","Southern Europe","39","9011149","Coffee Rob Cherry Other Grade","Kgs","38.4","63.36","0.08"
"2015-12-01","United Kingdom of Great Britain and Northern Ireland","GBR","826","Europe","150","Northern Europe","154","62089290","Grmnts Othr Thn Dressing Gowns And Bathrobes Of Man-Made Fibres","Nos","8.01","18.37","0.03"
"2015-06-01","Germany","DEU","276","Europe","150","Western Europe","155","73079910","Galvanised","Kgs","39.84","61.72","0.1"
"2018-03-01","Ukraine","UKR","804","Europe","150","Eastern Europe","151","29334900","Othe Cmpnds Cntng In Structure A Quinolineor Isoquinoline Ring System (W/N Hydrgntd),Not Further Fused","Kgs","0.03","1.25","0.0"
"2020-05-01","United Kingdom of Great Britain and Northern Ireland","GBR","826","Europe","150","Northern Europe","154","85366910","Plugs And Sockets Of Plstcs","Nos","3.9","1.87","0.0"
"2016-02-01","Germany","DEU","276","Europe","150","Western Europe","155","29171190","Other Salts And Esters Of Oxalic Acid","Kgs","20.01","110.96","0.16"
"2020-10-01","Finland","FIN","246","Europe","150","Northern Europe","154","7132020","Bengal Gram (Desi Chana)","Kgs","0.3","0.24","0.0"
"2018-01-01","Greece","GRC","300","Europe","150","Southern Europe","39","48025790","Other Paper","Kgs","24.0","15.75","0.02"
"2020-12-01","Belgium","BEL","56","Europe","150","Western Europe","155","28429090","Other Salts Of Inorganic Acids/ Peroxoacids","Kgs","0.01","0.53","0.0"
"2024-09-01","Sweden","SWE","752","Europe","150","Northern Europe","154","82053000","Planes,Chisels,Gauges And Smlr Cutting Toolsfor Working Wood","Nos","560.0","0.01","0.0"
"2018-07-01","Switzerland","CHE","756","Europe","150","Western Europe","155","32041555","Vat Blue 20 (Dark Blue 30)","Kgs","2.65","18.0","0.03"
"2018-10-01","Italy","ITA","380","Europe","150","Southern Europe","39","29329900","*Other Heterocyclic Compnds With Oxygen Hetero - Atom/S)","Kgs","16.34","73.23","0.1"
"2025-01-01","Poland","POL","616","Europe","150","Eastern Europe","151","85183019","Other Sound Channel Not Cnncted By Wire","Kgs","300.0","0.41","0.05"
"2025-07-01","Italy","ITA","380","Europe","150","Southern Europe","39","42022230","Jute Hand Bags/Shopping Bags.","Nos","50952.0","0.35","0.04"
"2017-07-01","Poland","POL","616","Europe","150","Eastern Europe","151","39140020","Ion-Exchanger Of The Polymerisation Or Copolymerisation Type","Kgs","45.0","24.07","0.04"
"2024-12-01","France","FRA","250","Europe","150","Western Europe","155","83089091","Other Maderup Of Articles For Garments Made Ups, Knitwear, Plasticandleather Goods","Kgs","3.0","0.01","0.0"
"2024-07-01","Russian Federation","RUS","643","Europe","150","Eastern Europe","151","90303390","Others","Nos","1.0","0.0","0.0"
"2019-12-01","Sweden","SWE","752","Europe","150","Northern Europe","154","94039000","*Parts Of Furnitures Of Heading 9403","Kgs","34.5","67.57","0.09"
"2025-07-01","Romania","ROU","642","Europe","150","Eastern Europe","151","84329090","Parts Of Other Agricultural And Horticultural Machinery Of Hdg No 843280","Nos","551.0","0.09","0.01"
"2017-01-01","Germany","DEU","276","Europe","150","Western Europe","155","9041170","Freez Dried Green Pepper","Kgs","4.5","83.43","0.12"
"2025-03-01","United Kingdom of Great Britain and Northern Ireland","GBR","826","Europe","150","Northern Europe","154","87149600","Pedals And Crank-Gear And Prts Thereof","Kgs","1.0","0.0","0.0"
"2017-07-01","Denmark","DNK","208","Europe","150","Northern Europe","154","44029010","*Coconut Shell Charcoal","Mts","0.01","4.09","0.01"
"2017-05-01","United Kingdom of Great Britain and Northern Ireland","GBR","826","Europe","150","Northern Europe","154","62046190","Othr Smlr Garments Of Wool/Fine Animl Hair","Nos","2.08","10.38","0.02"
"2019-12-01","United Kingdom of Great Britain and Northern Ireland","GBR","826","Europe","150","Northern Europe","154","42031090","Other Articles Of Apparel","Kgs","6.0","265.03","0.37"
"2025-06-01","Kingdom of the Netherlands","NLD","528","Europe","150","Western Europe","155","44219970","Articles Of Densified Wood Not Included Or Specified Elsewhere","Kgs","56.0","0.0","0.0"
"2021-11-01","Hungary","HUN","348","Europe","150","Eastern Europe","151","74181022","Of Copper","Kgs","0.03","0.82","0.0"
"2019-04-01","Russian Federation","RUS","643","Europe","150","Eastern Europe","151","40169940","Rubber Blankets","Kgs","3.7","46.68","0.07"
"2016-05-01","Finland","FIN","246","Europe","150","Northern Europe","154","42032910","Gloves For Use In Industry","Kgs","6.0","55.24","0.08"
"2025-06-01","Kingdom of the Netherlands","NLD","528","Europe","150","Western Europe","155","73218910","Clay Tandoor(Oven With Iron/Steel Body And Earthen Grats)","Kgs","7098.0","0.2","0.02"
"2025-06-01","Norway","NOR","578","Europe","150","Northern Europe","154","85399090","Others","Kgs","12.0","0.02","0.0"
"2025-03-01","Spain","ESP","724","Europe","150","Southern Europe","39","39269049","Othr Ring Buckl Tack Washr Othr Deco Fittnof Palstic Used Triming And Embellshmnt For Leathr Prod; Othr Pattern For","Kgs","15.0","0.0","0.0"
"2019-07-01","United Kingdom of Great Britain and Northern Ireland","GBR","826","Europe","150","Northern Europe","154","86090000","Containers Specially Designed Andequipped For Carriage By One/More Modes Of Trnsport","Nos","0.0","0.14","0.0"
"2020-08-01","Poland","POL","616","Europe","150","Eastern Europe","151","55092200","Multiple(Folded)/Cabled Yrn Cntng 85% Or More By Wt Of Polyestr Staple Fibres","Kgs","15.87","23.06","0.03"
"2024-06-01","Italy","ITA","380","Europe","150","Southern Europe","39","52081190","Others","Sqm","373198.0","2.55","0.31"
"2021-12-01","Slovenia","SVN","705","Europe","150","Southern Europe","39","74091900","Other Plates,Sheets Etc Of Refined Copper","Kgs","0.02","0.51","0.0"
"2024-04-01","Germany","DEU","276","Europe","150","Western Europe","155","60062300","Othr Knited Or Crochetd Fbrcs Of Cotton Yarn Of Diffrnt Colr","Kgs","56.0","0.01","0.0"
"2017-07-01","Austria","AUT","40","Europe","150","Western Europe","155","57023210","Carpets,Carpeting And Rugs","Sqm","0.03","1.13","0.0"
"2018-03-01","United Kingdom of Great Britain and Northern Ireland","GBR","826","Europe","150","Northern Europe","154","53110023","Dyed Wovn Fbrcs Of Paper Yqrn","Sqm","3.71","22.49","0.03"
"2015-11-01","Belgium","BEL","056","Europe","150","Western Europe","155","39259090","Other Builders Ware Of Plastics Nes","Kgs","0.77","1.74","0.0"
"2018-03-01","United Kingdom of Great Britain and Northern Ireland","GBR","826","Europe","150","Northern Europe","154","40169100","Floor Coverings And Mats","Kgs","916.9","615.54","0.95"
"2018-10-01","Kingdom of the Netherlands","NLD","528","Europe","150","Western Europe","155","9109923","Celery Powder","Kgs","26.0","39.48","0.05"
"2020-01-01","Spain","ESP","724","Europe","150","Southern Europe","39","25084090","Other Clays, Nes","Kgs","560.0","58.72","0.08"
"2017-12-01","Spain","ESP","724","Europe","150","Southern Europe","39","82041110","Hnd-Oprted Spaners Non Adjustable","Kgs","22.09","75.3","0.12"
"2018-03-01","Sweden","SWE","752","Europe","150","Northern Europe","154","29041040","*Vinyl Sulphone","Kgs","25.0","20.55","0.03"
"2018-09-01","Ireland","IRL","372","Europe","150","Northern Europe","154","62044390","Othr Dresses Of Synth Fibres","Nos","3.96","24.48","0.03"
"2021-10-01","Germany","DEU","276","Europe","150","Western Europe","155","96039000","Other Articles Of Hdg 9603","Nos","82.66","24.99","0.03"
"2015-11-01","Russian Federation","RUS","643","Europe","150","Eastern Europe","151","32041982","Food Colouring Yellow 4 (Tartrazine)","Kgs","9.6","26.56","0.04"
"2015-11-01","Belgium","BEL","056","Europe","150","Western Europe","155","76169910","Expnd Mtl Of Almnm And Almnm Alloys","Kgs","6.0","34.5","0.05"
"2018-05-01","Switzerland","CHE","756","Europe","150","Western Europe","155","68041000","Mlstns And Grndstns Fr Mlng,Grndng/Pulpng","Kgs","1.32","4.65","0.01"
"2021-04-01","Belgium","BEL","056","Europe","150","Western Europe","155","84313990","Prts Of Othr Lftng,Hndlng And Loadng Mchnry Of Hdg.No.8428","Kgs","0.09","0.31","0.0"
"2021-09-01","Slovenia","SVN","705","Europe","150","Southern Europe","39","95030090","Other","Nos","1.8","1.45","0.0"
"2020-09-01","Switzerland","CHE","756","Europe","150","Western Europe","155","61083220","Nightdresses And Pyajamas Of Artificial Fibres","Nos","2.76","8.21","0.01"
"2018-06-01","Spain","ESP","724","Europe","150","Southern Europe","39","85272900","Othr Redio-Broadcst Rcvrs Nt Cpbl To Oprt Wtht Extrnl Powr,Usd In Motr Vhcls,Incl Apprts Fr Rcvng Radio-Tlphny/Radio-T","Nos","1.36","116.05","0.17"
"2020-01-01","Switzerland","CHE","756","Europe","150","Western Europe","155","90173021","Gauges,Plug","Nos","0.0","0.21","0.0"
"2020-12-01","Finland","FIN","246","Europe","150","Northern Europe","154","85114000","Strtr Mtrs And Dual Purpose Strtr Gnrtrs","Nos","0.26","12.83","0.02"
"2016-01-01","Poland","POL","616","Europe","150","Eastern Europe","151","52095140","Furnishing Fabrics ( Excl Pile And Chenille Fabrics )","Sqm","0.69","2.67","0.0"
"2020-05-01","Portugal","PRT","620","Europe","150","Southern Europe","39","83081010","Hooks And Eyes","Kgs","0.16","0.64","0.0"
"2020-04-01","Germany","DEU","276","Europe","150","Western Europe","155","82090010","Tungsten Carbide Tips","Kgs","0.07","7.29","0.01"
"2024-10-01","Kingdom of the Netherlands","NLD","528","Europe","150","Western Europe","155","84212900","Othr Fltrng/Purfyng Mchnry And Apprts Fr Lqd","Nos","250.0","0.06","0.01"
"2020-10-01","France","FRA","250","Europe","150","Western Europe","155","40129090","Other Tyre Flaps","Kgs","6.12","5.54","0.01"
"2015-12-01","Italy","ITA","380","Europe","150","Southern Europe","39","72101290","Other Plates,Sheets,Strips","Kgs","1477.0","685.34","1.03"
"2018-10-01","France","FRA","250","Europe","150","Western Europe","155","38112100","Addtvs Fr Lbrctng Oils Contng Oils Obtnd From Petroleum And Bituminous Minerals","Kgs","40.0","74.26","0.1"
"2017-11-01","Bulgaria","BGR","100","Europe","150","Eastern Europe","151","12119022","Senna Leaves And Pads","Kgs","12.0","6.85","0.01"
"2021-01-01","France","FRA","250","Europe","150","Western Europe","155","29420012","Ibuprofane","Kgs","4.0","51.03","0.07"
"2025-03-01","Sweden","SWE","752","Europe","150","Northern Europe","154","84219100","Prts Of Centrifuges,Incl Cntrfgl Dryrs","Nos","1976.0","1.29","0.15"
"2025-07-01","Portugal","PRT","620","Europe","150","Southern Europe","39","85381090","Bords,Panels,Consoles Etc.Fr Othr Use","Kgs","100.0","0.06","0.01"
"2015-11-01","Latvia","LVA","428","Europe","150","Northern Europe","154","30049069","Other Nonsteroidal Antiinflamatory, Analgestics And Antipyratic Drugs","Kgs","6.0","72.19","0.11"
"2024-07-01","Germany","DEU","276","Europe","150","Western Europe","155","29161400","Esters Of Methacrylic Acid","Kgs","150.0","0.0","0.0"
"2018-09-01","Italy","ITA","380","Europe","150","Southern Europe","39","25262000","Natrl Steatite Crushed/Powdered","Kgs","134.85","45.93","0.06"
"2019-01-01","Kingdom of the Netherlands","NLD","528","Europe","150","Western Europe","155","61169300","Other Gloves Etc Of Synthetic Fibres","Prs","0.63","2.32","0.0"
"2018-01-01","Germany","DEU","276","Europe","150","Western Europe","155","32041719","Others Pigment Yellow (Organic)","Kgs","31.41","248.45","0.39"
"2020-05-01","Denmark","DNK","208","Europe","150","Northern Europe","154","11029090","Other Flour Of Hdg. 1102","Kgs","2.5","2.29","0.0"
"2017-10-01","Sweden","SWE","752","Europe","150","Northern Europe","154","84799090","Prts Of Othr Mchnry And Mchncl Applncs,Hvng Indvdl Functns","Kgs","1.26","25.05","0.04"
"2024-07-01","Germany","DEU","276","Europe","150","Western Europe","155","56021000","Needleloom Felt And Stitch-Bonded Fibr Fbrcs","Kgs","14491.0","0.79","0.09"
"2017-09-01","Slovakia","SVK","703","Europe","150","Eastern Europe","151","85043100","Othr Trnsfrmrs Hvng A Pwr Hndlng Capacity Not Excdng 1 Kva","Nos","6.6","5.59","0.01"
"2018-08-01","Spain","ESP","724","Europe","150","Southern Europe","39","33049990","Others","Kgs","4.16","14.15","0.02"
"2024-12-01","Ireland","IRL","372","Europe","150","Northern Europe","154","84833000","Bearing Housungs,Not Incorporating Ball Or Roller Bearings;Plain Shaft Bearings","Nos","2.0","0.0","0.0"
"2021-10-01","Spain","ESP","724","Europe","150","Southern Europe","39","57024210","Carpets,Carpeting And Rugs","Sqm","4.14","31.22","0.04"
"2019-05-01","Ukraine","UKR","804","Europe","150","Eastern Europe","151","29420090","Other Diloxanide Furoate, Cimetidine, Famotidine Nes","Kgs","1.98","68.61","0.1"
"2021-03-01","United Kingdom of Great Britain and Northern Ireland","GBR","826","Europe","150","Northern Europe","154","84679200","Parts Of Pneumatic Tools","Kgs","0.56","5.68","0.01"
"2015-03-01","France","FRA","250","Europe","150","Western Europe","155","3061790","Other Shrimps And Prawns","Kgs","179.39","935.74","1.5"
"2017-05-01","Kingdom of the Netherlands","NLD","528","Europe","150","Western Europe","155","62111200","Swimwear For Womens Or Girls","Nos","0.02","0.3","0.0"
"2016-09-01","Italy","ITA","380","Europe","150","Southern Europe","39","48239090","Others","Kgs","0.04","0.06",""
"2021-09-01","Denmark","DNK","208","Europe","150","Northern Europe","154","63021010","Bed Linen,Knted/Crchtd Of Cotton","Kgs","2.17","37.71","0.05"
"2021-07-01","Belgium","BEL","56","Europe","150","Western Europe","155","6012090","Other Blbs,.Tubrs,Tubrus Roots Etc.","Kgs","27.0","17.69","0.02"
"2021-01-01","Belarus","BLR","112","Europe","150","Eastern Europe","151","9022020","Tea Gren In Bulk","Kgs","0.3","1.26","0.0"
"2019-12-01","Romania","ROU","642","Europe","150","Eastern Europe","151","90330000","Prts And Accessories Fr Machines,Appliances,Instruments/Apparatus Of Chapter 90,Nes","Kgs","0.02","0.04",""
"2016-01-01","Slovenia","SVN","705","Europe","150","Southern Europe","39","41079900","Other/Hides/Skins Including Sides","Kgs","11.79","122.91","0.18"
"2018-12-01","United Kingdom of Great Britain and Northern Ireland","GBR","826","Europe","150","Northern Europe","154","52122300","Othr Dyed Wovn Fbrcs Wghng >200 G/M2","Sqm","71.44","153.09","0.22"
"2019-12-01","United Kingdom of Great Britain and Northern Ireland","GBR","826","Europe","150","Northern Europe","154","34011941","Household Soaps","Kgs","0.09","0.28","0.0"
"2016-03-01","United Kingdom of Great Britain and Northern Ireland","GBR","826","Europe","150","Northern Europe","154","85462019","Porcelain Discs And Strings >= 6.6 Kv","Kgs","0.16","1.62","0.0"
"2021-10-01","United Kingdom of Great Britain and Northern Ireland","GBR","826","Europe","150","Northern Europe","154","50060011","Slk Embroidery Thread","Kgs","","0.28","0.0"
"2016-01-01","Sweden","SWE","752","Europe","150","Northern Europe","154","48239019","Decorative Laminates","Kgs","17.93","25.19","0.04"
"2015-01-01","Denmark","DNK","208","Europe","150","Northern Europe","154","33019025","Fennel Oleoresin","Kgs","0.01","0.11","0.0"
"2019-10-01","Austria","AUT","40","Europe","150","Western Europe","155","84212300","Oil/Prtl-Fltrs Fr Intrnl Cmbstn Engns","Nos","15.6","8.03","0.01"
"2025-07-01","Romania","ROU","642","Europe","150","Eastern Europe","151","85119000","Parts Of Articls Of Hdng 8511","Kgs","3472.0","0.06","0.01"
"2021-07-01","United Kingdom of Great Britain and Northern Ireland","GBR","826","Europe","150","Northern Europe","154","71022110","Sorted Industrial Diamonds","Ctm","147.61","39.68","0.05"
"2019-12-01","Poland","POL","616","Europe","150","Eastern Europe","151","90268090","Othr Instrmnts And Aprts Fr Msrng,Chkng Or Autmtclly Cntrlng The Flow,Dpth,Prsr Etc","Nos","0.01","0.18","0.0"
"2017-10-01","Belgium","BEL","56","Europe","150","Western Europe","155","73072200","Threaded Elbows,Bnds And Slevs Of Stnles Stl","Kgs","0.19","0.39","0.0"
"2019-12-01","Spain","ESP","724","Europe","150","Southern Europe","39","29093019","Other Anisole And Thr Drvtvs","Kgs","46.5","80.92","0.11"
"2020-03-01","Bulgaria","BGR","100","Europe","150","Eastern Europe","151","62045200","Skirts And Divided Skirts Of Cotton","Nos","0.02","0.04",""
"2024-09-01","Kingdom of the Netherlands","NLD","528","Europe","150","Western Europe","155","85444992","Plastic Insulated Conductors Used In Telecom For Voltage <=1000V Not Fitted With Connectors","Mtr","1002.0","0.01","0.0"
"2018-11-01","Belgium","BEL","56","Europe","150","Western Europe","155","38089199","Other Insecticide Nes","Kgs","194.92","2391.88","3.33"
"2021-07-01","Germany","DEU","276","Europe","150","Western Europe","155","44211000","Cloths Hangers","Kgs","3.3","9.51","0.01"
"2025-02-01","Germany","DEU","276","Europe","150","Western Europe","155","84778090","Other Machinery For Workng Rbr/Plastic","Nos","10.0","0.4","0.05"
"2024-09-01","Russian Federation","RUS","643","Europe","150","Eastern Europe","151","84314390","Prts Of Borng/Snkng Mchnry,Not Slf-Prpld","Kgs","2347.0","0.91","0.11"
"2021-11-01","Sweden","SWE","752","Europe","150","Northern Europe","154","57029220","Mats And Matting","Sqm","3.45","12.17","0.02"
"2019-05-01","Spain","ESP","724","Europe","150","Southern Europe","39","29061390","Other Sterols And Inositols","Kgs","31.26","336.18","0.48"
"2021-04-01","Spain","ESP","724","Europe","150","Southern Europe","39","73194090","Other Pins","Kgs","0.0","0.08","0.0"
"2015-10-01","Germany","DEU","276","Europe","150","Western Europe","155","29062100","Benzyl Alcohol","Kgs","45.62","42.99","0.07"
"2020-08-01","Russian Federation","RUS","643","Europe","150","Eastern Europe","151","87082900","Othr Prts And Accssrs Of Bodies(Incl Cabs)","Kgs","59.97","314.26","0.42"
"2021-09-01","France","FRA","250","Europe","150","Western Europe","155","7133500","Cow Peas (Vigna Unguiculata)","Kgs","8.58","9.57","0.01"
"2017-06-01","Kingdom of the Netherlands","NLD","528","Europe","150","Western Europe","155","64029990","Others","Prs","14.17","148.97","0.23"
"2020-02-01","Kingdom of the Netherlands","NLD","528","Europe","150","Western Europe","155","82078000","Tools For Turning","Kgs","12.24","16.85","0.02"
"2024-12-01","France","FRA","250","Europe","150","Western Europe","155","52121500","Othr Prntd Woven Fbrcs Wghng <=200 G/M2","Sqm","198.0","0.01","0.0"
"2025-06-01","Belgium","BEL","56","Europe","150","Western Europe","155","72071990","Others","Kgs","214.0","0.02","0.0"
"2020-08-01","Malta","MLT","470","Europe","150","Southern Europe","39","29334900","Othe Cmpnds Cntng In Structure A Quinolineor Isoquinoline Ring System (W/N Hydrgntd),Not Further Fused","Kgs","0.31","101.77","0.14"
"2015-05-01","United Kingdom of Great Britain and Northern Ireland","GBR","826","Europe","150","Northern Europe","154","56090030","Articles,Made-Up Of Jute","Kgs","2.79","7.52","0.01"
"2021-09-01","Latvia","LVA","428","Europe","150","Northern Europe","154","68022390","Others","Kgs","25.01","13.81","0.02"
"2025-07-01","United Kingdom of Great Britain and Northern Ireland","GBR","826","Europe","150","Northern Europe","154","68099000","Other Articles Of Plaster","Kgs","1253.0","0.02","0.0"
"2020-12-01","Germany","DEU","276","Europe","150","Western Europe","155","72259900","Other Flt-Rld Prdcts Of Other Alloy-Steel","Kgs","0.12","1.83","0.0"
"2021-10-01","Russian Federation","RUS","643","Europe","150","Eastern Europe","151","74199930","*Articles Of Brass","Kgs","10.69","147.23","0.2"
"2021-02-01","Poland","POL","616","Europe","150","Eastern Europe","151","64039120","Lthr Footwear Of Plstc And Synthtc Sole","Prs","85.04","825.12","1.13"
"2017-08-01","Belarus","BLR","112","Europe","150","Eastern Europe","151","9109990","Other Spices, Nes","Kgs","3.0","8.05","0.01"
"2025-05-01","Spain","ESP","724","Europe","150","Southern Europe","39","57024910","Crpts Etc (Nt Durries Of Cotton)","Sqm","340.0","0.02","0.0"
"2017-08-01","United Kingdom of Great Britain and Northern Ireland","GBR","826","Europe","150","Northern Europe","154","69041000","Building Bricks","Thd","0.62","140.03","0.22"
"2017-07-01","Ireland","IRL","372","Europe","150","Northern Europe","154","61061000","Blouse Etc Of Cotton","Nos","12.5","15.49","0.02"
"2017-11-01","Russian Federation","RUS","643","Europe","150","Eastern Europe","151","29171190","Other Salts And Esters Of Oxalic Acid","Kgs","0.0","0.02",""
"2021-07-01","Poland","POL","616","Europe","150","Eastern Europe","151","87082900","Othr Prts And Accssrs Of Bodies(Incl Cabs)","Kgs","6.97","73.0","0.1"
"2024-06-01","Portugal","PRT","620","Europe","150","Southern Europe","39","74192000","Cast, Moulded, Stamped Or Forged, But Not Further Worked","Kgs","6.0","0.0","0.0"
"2015-10-01","Norway","NOR","578","Europe","150","Northern Europe","154","52029900","Other Cotton Waste","Kgs","0.1","0.18","0.0"
"2015-04-01","Germany","DEU","276","Europe","150","Western Europe","155","28439019","Other Compounds","Kgs","0.42","1.1","0.0"
"2020-10-01","France","FRA","250","Europe","150","Western Europe","155","62142010","Shawls Of Wool","Nos","9.22","84.06","0.11"
"2024-06-01","Belgium","BEL","56","Europe","150","Western Europe","155","85444220","Plstic Insltd Cndctrs Fr <= 1000V Fitted With Connectors","Mtr","16.0","0.03","0.0"
"2021-03-01","Finland","FIN","246","Europe","150","Northern Europe","154","56039400","Other Filmnt Wghng >150G/Sqm","Kgs","1.09","1.79","0.0"
"2016-12-01","Kingdom of the Netherlands","NLD","528","Europe","150","Western Europe","155","62052000","*Mens Or Boys Shirts Of Cotton","Nos","399.96","2467.11","3.63"
"2016-12-01","United Kingdom of Great Britain and Northern Ireland","GBR","826","Europe","150","Northern Europe","154","84431990","Other","Nos","0.0","8.46","0.01"
"2015-03-01","United Kingdom of Great Britain and Northern Ireland","GBR","826","Europe","150","Northern Europe","154","91021100","Wrst-Wtchs,Electrly Operated,W/N Incrprtng Stop-Wtch Fclty With Mchncl Display Only","Nos","0.02","0.45","0.0"
"2018-12-01","Greece","GRC","300","Europe","150","Southern Europe","39","3061100","Rock Lobster And Other Sea Crawfish (Palinurus Sp Panulirus Sp Jasus Sp)Frzn","Kgs","0.5","5.14","0.01"
"2024-07-01","Italy","ITA","380","Europe","150","Southern Europe","39","90259000","Parts And Accssrs Of Instruments Of Hdg 9025","Kgs","21704.0","1.4","0.17"
"2017-07-01","Spain","ESP","724","Europe","150","Southern Europe","39","61089100","Negliges,Bathrobes Etc Of Cotton","Nos","1.35","3.45","0.01"
"2019-04-01","Spain","ESP","724","Europe","150","Southern Europe","39","39079990","*Other Polyesters (Saturated) Nes","Kgs","12.0","11.11","0.02"
"2025-06-01","Latvia","LVA","428","Europe","150","Northern Europe","154","57031010","Carpets","Sqm","11.0","0.01","0.0"
"2019-07-01","Belarus","BLR","112","Europe","150","Eastern Europe","151","73209090","Others Of Other Springs Of Iron/Steel","Kgs","0.12","0.31","0.0"
"2019-05-01","France","FRA","250","Europe","150","Western Europe","155","42021290","Others","Nos","1.55","5.46","0.01"
"2018-05-01","Hungary","HUN","348","Europe","150","Eastern Europe","151","7114000","Cucumbers And Gherkins Provisionally Presvd","Kgs","14.4","10.15","0.02"
"2015-01-01","Kingdom of the Netherlands","NLD","528","Europe","150","Western Europe","155","62071100","Underpants And Briefs Of Cotton","Nos","3.01","6.81","0.01"
"2019-07-01","Denmark","DNK","208","Europe","150","Northern Europe","154","61045300","Skirts And Divided Skirts Of Synthtc Fibres","Nos","2.04","6.94","0.01"
"2020-09-01","Serbia","SRB","688","Europe","150","Southern Europe","39","90183930","Cannulae","Nos","302.0","30.02","0.04"
"2021-03-01","Belgium","BEL","56","Europe","150","Western Europe","155","7099990","Other Of Hdg. 070999","Kgs","1.38","1.13","0.0"
"2025-07-01","Romania","ROU","642","Europe","150","Eastern Europe","151","85340000","Printed Circuits","Nos","1350.0","0.2","0.02"
"2020-08-01","Germany","DEU","276","Europe","150","Western Europe","155","40139020","Inner Tubes For Motor Cycles","Nos","0.0","0.01",""
"2017-10-01","Germany","DEU","276","Europe","150","Western Europe","155","63059000","Sacks And Bags Of Other Textile Materials","Kgs","4.92","17.13","0.03"
"2021-04-01","Serbia","SRB","688","Europe","150","Southern Europe","39","84799090","Prts Of Othr Mchnry And Mchncl Applncs,Hvng Indvdl Functns","Kgs","","0.62","0.0"
"2025-02-01","Greece","GRC","300","Europe","150","Southern Europe","39","90189099","Othr Srgcl Instrmnts And Applncs (Incl Vtrnry)","Nos","2273.0","0.37","0.04"
"2021-09-01","France","FRA","250","Europe","150","Western Europe","155","40103999","Trnsmsn Blt/Bltng Other Than Flat Blt/Ply Blt Where Ruby Compd More Than 25% By Wt.","Kgs","7.76","42.92","0.06"
"2017-05-01","Kingdom of the Netherlands","NLD","528","Europe","150","Western Europe","155","90049090","0Thers","Kgs","0.0","0.01",""
"2015-12-01","France","FRA","250","Europe","150","Western Europe","155","82073000","Tools For Presing Stamping Or Punching","Kgs","0.37","8.21","0.01"
"2016-02-01","Germany","DEU","276","Europe","150","Western Europe","155","85234910","Compact Disc (Audio)","Unt","0.07","0.03",""
"2019-04-01","Italy","ITA","380","Europe","150","Southern Europe","39","39094040","Ketonic Resins","Kgs","19.0","30.37","0.04"
"2017-11-01","Ireland","IRL","372","Europe","150","Northern Europe","154","62064000","Blouses,Shirts Etc Of Man-Made Fibres","Nos","24.96","53.96","0.08"
"2016-02-01","Ireland","IRL","372","Europe","150","Northern Europe","154","7031010","Onions Fresh Or Chilled","Kgs","0.2","0.24","0.0"
"2016-07-01","Spain","ESP","724","Europe","150","Southern Europe","39","30061010","Sterile Surgcl Catgut,Smlr Mtrls And Strle Tissue Adhsvs For Surgical Wound Closure","Kgs","18.13","897.47","1.34"
"2025-06-01","Russian Federation","RUS","643","Europe","150","Eastern Europe","151","58109990","Embrdry Of Othr Txtl Matrls-Others","Kgs","31.0","0.04","0.0"
"2016-12-01","Spain","ESP","724","Europe","150","Southern Europe","39","29350013","*Sulphadiazine","Kgs","0.2","39.4","0.06"
"2015-12-01","Kingdom of the Netherlands","NLD","528","Europe","150","Western Europe","155","64031990","Others","Prs","0.07","0.98","0.0"
"2015-11-01","Switzerland","CHE","756","Europe","150","Western Europe","155","29339900","*Other Heterdcyclic Cmpnds With Nitrogen Hetro Atom (S) Only","Kgs","0.71","114.41","0.17"
"2017-06-01","United Kingdom of Great Britain and Northern Ireland","GBR","826","Europe","150","Northern Europe","154","9041120","Light Black Pepper","Kgs","0.09","0.88","0.0"
"2016-06-01","Kingdom of the Netherlands","NLD","528","Europe","150","Western Europe","155","94033010","Cabinetware","Kgs","18.87","40.68","0.06"
"2019-03-01","Kingdom of the Netherlands","NLD","528","Europe","150","Western Europe","155","87043120","*3-Wheeler Goods Vhcls,Wth Spark-Igntn Intrnl Cmbstn Pstn Engnwth G.V.W. <= 5 Ton:Lorry And Truck","Nos","0.0","8.3","0.01"
"2015-03-01","Italy","ITA","380","Europe","150","Southern Europe","39","84328020","Rotary Tiller","Kgs","6.0","26.21","0.04"
"2020-07-01","United Kingdom of Great Britain and Northern Ireland","GBR","826","Europe","150","Northern Europe","154","84733030","Prts And Accssrs Othr Mntd Prntd Crcit Brds","Nos","0.0","1.39","0.0"
"2020-03-01","Germany","DEU","276","Europe","150","Western Europe","155","90301000","Instrument And Apparatus For Measuring Or Detecting Ionising Radiation","Nos","0.0","18.93","0.03"
"2015-06-01","Croatia","HRV","191","Europe","150","Southern Europe","39","90106000","Projection Screens","Nos","0.01","2.04","0.0"
"2024-12-01","United Kingdom of Great Britain and Northern Ireland","GBR","826","Europe","150","Northern Europe","154","62043999","Jackets Of All Othr Fibres-Other","Nos","7640.0","0.62","0.07"
"2021-04-01","Belgium","BEL","056","Europe","150","Western Europe","155","73066100","Of Square Or Rectangular Cross-Section:","Kgs","115.85","123.67","0.17"
"2018-12-01","United Kingdom of Great Britain and Northern Ireland","GBR","826","Europe","150","Northern Europe","154","87142020","Invalid Cargs Prts Nt Mechanically Proplld","Kgs","0.14","0.36","0.0"
"2017-09-01","Denmark","DNK","208","Europe","150","Northern Europe","154","90132000","Lasers,Other Than Laser Diodes","Nos","0.0","0.37","0.0"
"2024-04-01","Bulgaria","BGR","100","Europe","150","Eastern Europe","151","40117000","Of A Kind Used On Agricultural Or Forestry Vehicles And Machines","Nos","1766.0","2.86","0.34"
"2020-04-01","Portugal","PRT","620","Europe","150","Southern Europe","39","40117000","Of A Kind Used On Agricultural Or Forestry Vehicles And Machines","Nos","2.24","317.56","0.42"
"2016-01-01","Kingdom of the Netherlands","NLD","528","Europe","150","Western Europe","155","42022220","Hand Bags/Shopping Bags Of Cotton","Nos","393.74","250.55","0.37"
"2024-05-01","Italy","ITA","380","Europe","150","Southern Europe","39","84482000","Prts And Accssrs Of Mchns Of Hdg No.8444/Of Their Auxlry Mchnry","Kgs","309.0","0.12","0.01"
"2025-05-01","Estonia","EST","233","Europe","150","Northern Europe","154","90219090","Others","Kgs","3.0","0.03","0.0"
"2020-04-01","Switzerland","CHE","756","Europe","150","Western Europe","155","29224990","Other Amino Acids And Thr Esters Cntng Not More Than One Kind Oxgn Fn.","Kgs","4.9","177.66","0.23"
"2016-05-01","Poland","POL","616","Europe","150","Eastern Europe","151","29334900","Othe Cmpnds Cntng In Structure A Quinolineor Isoquinoline Ring System (W/N Hydrgntd),Not Further Fused","Kgs","0.13","32.8","0.05"
"2015-06-01","United Kingdom of Great Britain and Northern Ireland","GBR","826","Europe","150","Northern Europe","154","33030020","Rose Water","Kgs","4.04","8.67","0.01"
"2018-05-01","Belgium","BEL","56","Europe","150","Western Europe","155","90191010","Mechano-Therapy Appliances","Nos","0.01","0.18","0.0"
"2015-06-01","Italy","ITA","380","Europe","150","Southern Europe","39","54025200","Othr Yarn Of Polyesters,Single,With A Twist Exceeding 50 Turns/Per Metre","Kgs","2.9","6.68","0.01"
"2019-02-01","Italy","ITA","380","Europe","150","Southern Europe","39","29232010","Lecithins","Kgs","121.5","293.87","0.41"
"2019-05-01","Denmark","DNK","208","Europe","150","Northern Europe","154","84139190","Others","Kgs","11.19","141.43","0.2"
"2021-01-01","Kingdom of the Netherlands","NLD","528","Europe","150","Western Europe","155","33019022","Capsicum Oleoresines","Kgs","6.58","94.03","0.13"
"2024-04-01","Germany","DEU","276","Europe","150","Western Europe","155","62089190","Grmnts Othr Thn Dressing Gowns And Bathrobes Of Cotton","Nos","944.0","0.08","0.01"
"2020-12-01","France","FRA","250","Europe","150","Western Europe","155","61043990","Jackets Of Other Fibres","Nos","4.72","32.5","0.04"
"2025-05-01","Germany","DEU","276","Europe","150","Western Europe","155","72299090","Others","Kgs","105.0","0.0","0.0"
"2021-02-01","Switzerland","CHE","756","Europe","150","Western Europe","155","90261020","Gaugs Lvl(Lvl Indicators And Lvl Regulators)","Nos","0.0","10.91","0.01"
"2017-04-01","United Kingdom of Great Britain and Northern Ireland","GBR","826","Europe","150","Northern Europe","154","51071030","Worsted Weaving Yarn","Kgs","113.79","1050.27","1.63"
"2024-07-01","Switzerland","CHE","756","Europe","150","Western Europe","155","12119044","Serpentina Roots","Kgs","1.0","0.01","0.0"
"2020-02-01","Italy","ITA","380","Europe","150","Southern Europe","39","84431949","Other Machinery For Printing Repetitive Word Or Design Or Colour","Nos","0.32","2.28","0.0"
"2024-08-01","Croatia","HRV","191","Europe","150","Southern Europe","39","84329010","Prts Of Agrcltrl Mchnry Fllng Wthn Hdg Nos843210,843221,843229,843230 And 843240","Nos","2472.0","0.43","0.05"
"2019-10-01","Poland","POL","616","Europe","150","Eastern Europe","151","38019000","Other (Graphite Based Preparations)","Kgs","18.0","40.83","0.06"
"2017-06-01","Poland","POL","616","Europe","150","Eastern Europe","151","63079020","Made Up Artcls Of Cotton","Kgs","9.49","42.3","0.07"
"2015-09-01","Italy","ITA","380","Europe","150","Southern Europe","39","38099190","Othr Finish Agents Used In Txtile Industry","Kgs","6.2","4.7","0.01"
"2017-06-01","Germany","DEU","276","Europe","150","Western Europe","155","85437019","Electric Fence Energisers","Nos","1.7","3.57","0.01"
"2025-05-01","United Kingdom of Great Britain and Northern Ireland","GBR","826","Europe","150","Northern Europe","154","84314390","Prts Of Borng/Snkng Mchnry,Not Slf-Prpld","Kgs","14596.0","2.24","0.26"
"2020-08-01","France","FRA","250","Europe","150","Western Europe","155","29232010","Lecithins","Kgs","141.0","222.54","0.3"
"2021-10-01","Poland","POL","616","Europe","150","Eastern Europe","151","63079090","Othr Made Up Artcls Othr Thn Cotton","Kgs","1.87","10.52","0.01"
"2018-06-01","Serbia","SRB","688","Europe","150","Southern Europe","39","33019029","Oleoresines Of Spices N.E.S.,","Kgs","0.2","4.99","0.01"
"2025-04-01","Poland","POL","616","Europe","150","Eastern Europe","151","63079020","Made Up Artcls Of Cotton","Kgs","3860.0","0.31","0.04"
"2018-02-01","France","FRA","250","Europe","150","Western Europe","155","52083130","Shirting Fbrcs","Sqm","1.39","5.6","0.01"
"2017-04-01","Germany","DEU","276","Europe","150","Western Europe","155","29182390","Other Esters Of Salicylic Acid And Thr Salts","Kgs","0.01","0.12","0.0"
"2019-04-01","Germany","DEU","276","Europe","150","Western Europe","155","94032010","Steel Furniture","Kgs","3.69","7.46","0.01"
"2019-10-01","Kingdom of the Netherlands","NLD","528","Europe","150","Western Europe","155","29151290","Other Salts Of Formic Acid","Kgs","20.0","207.84","0.29"
"2021-06-01","Greece","GRC","300","Europe","150","Southern Europe","39","61051020","Knit Shirts (Except T-Shirts) And Sweat Shirts,Other Than Hand Crocheted Of Ctn","Nos","0.04","0.36","0.0"
"2020-07-01","Poland","POL","616","Europe","150","Eastern Europe","151","84663090","Others","Nos","0.09","158.45","0.21"
"2015-04-01","Greece","GRC","300","Europe","150","Southern Europe","39","63025190","Other Table Linen: Of Cotton, Other Than Handloom","Kgs","7.03","30.64","0.05"
"2021-07-01","Spain","ESP","724","Europe","150","Southern Europe","39","84522900","Other Sewing Machines","Nos","0.0","1.55","0.0"
"2015-06-01","Norway","NOR","578","Europe","150","Northern Europe","154","57039090","Other","Sqm","2.75","15.07","0.02"
"2021-04-01","Sweden","SWE","752","Europe","150","Northern Europe","154","85129000","Parts Of Elctrcl Lightng/Signalng Equip","Kgs","","0.03",""
"2016-12-01","United Kingdom of Great Britain and Northern Ireland","GBR","826","Europe","150","Northern Europe","154","96020030","Gelatin Capsules,Empty","Kgs","6.34","83.73","0.12"
"2025-06-01","Austria","AUT","040","Europe","150","Western Europe","155","84313100","Prts Of Lfts, Skip Hoists/Escalators","Kgs","7783.0","0.68","0.08"
"2025-05-01","Italy","ITA","380","Europe","150","Southern Europe","39","84671900","Others Pneumatic Tools","Nos","3.0","0.01","0.0"
"2015-04-01","Denmark","DNK","208","Europe","150","Northern Europe","154","73084000","Props And Smlr Equipment For Scaffolding, Shuttering Or Pit-Propping","Kgs","128.62","92.33","0.15"
"2019-07-01","Romania","ROU","642","Europe","150","Eastern Europe","151","33012950","Spices Oil,N.E.S.","Kgs","0.01","0.24","0.0"
"2019-05-01","Portugal","PRT","620","Europe","150","Southern Europe","39","63079090","Othr Made Up Artcls Othr Thn Cotton","Kgs","0.0","0.09","0.0"
"2025-03-01","Kingdom of the Netherlands","NLD","528","Europe","150","Western Europe","155","63024030","Table Linen Of Cotn,Hnd Kntd/Crocheted","Kgs","9797.0","0.74","0.08"
"2016-03-01","Portugal","PRT","620","Europe","150","Southern Europe","39","29349900","*Other Heterocyclic Compounds","Kgs","0.55","124.86","0.19"
"2018-02-01","Kingdom of the Netherlands","NLD","528","Europe","150","Western Europe","155","72023000","Ferro-Silico-Manganese","Kgs","1288.0","904.7","1.41"
"2024-08-01","Kingdom of the Netherlands","NLD","528","Europe","150","Western Europe","155","90273090","Others","Nos","4.0","0.0","0.0"
"2020-01-01","Russian Federation","RUS","643","Europe","150","Eastern Europe","151","72299090","Others","Kgs","0.59","7.85","0.01"
"2019-10-01","Denmark","DNK","208","Europe","150","Northern Europe","154","83100090","Other Symbols Of Base Metal","Kgs","0.02","0.08","0.0"
"2015-04-01","Italy","ITA","380","Europe","150","Southern Europe","39","63072090","Life Jackets And Life Belts Excl Cotton","Kgs","1.11","7.52","0.01"
"2018-01-01","United Kingdom of Great Britain and Northern Ireland","GBR","826","Europe","150","Northern Europe","154","62114290","Cotn Grmnts Othr Thn Kurta And Salwar Wth Without Duppatta","Nos","721.18","3100.64","4.87"
"2020-10-01","Switzerland","CHE","756","Europe","150","Western Europe","155","57024190","Othr Flr Cvrngs Of Wool/Fine Anml Hair","Sqm","0.09","1.54","0.0"
"2015-09-01","United Kingdom of Great Britain and Northern Ireland","GBR","826","Europe","150","Northern Europe","154","73181900","Other Threaded Articles","Kgs","191.95","322.74","0.49"
"2017-12-01","Switzerland","CHE","756","Europe","150","Western Europe","155","62031990","Suits Of Othr Txtl Materials","Nos","0.01","0.14","0.0"
"2016-04-01","Hungary","HUN","348","Europe","150","Eastern Europe","151","42033000","Belts And Bandoliers","Kgs","0.0","0.01",""
"2015-07-01","Russian Federation","RUS","643","Europe","150","Eastern Europe","151","38089910","Pesticides, Not Elsewhere Specified Or Inc","Kgs","11.0","50.7","0.08"
"2019-11-01","Switzerland","CHE","756","Europe","150","Western Europe","155","19053100","Sweet Biscuits","Kgs","0.35","0.53","0.0"
"2017-01-01","Romania","ROU","642","Europe","150","Eastern Europe","151","57039090","Other","Sqm","0.59","3.31","0.0"
"2021-07-01","United Kingdom of Great Britain and Northern Ireland","GBR","826","Europe","150","Northern Europe","154","52122400","Othr Wovn Fbrcs Of Cotn Of Yrns Of Diff Colours Wghng More Than 200 Gsm","Sqm","1.42","20.37","0.03"
"2024-10-01","Germany","DEU","276","Europe","150","Western Europe","155","73181500","Othr Screws And Bolts W/N Wth Nuts Or Washers Threaded","Kgs","1187124.0","28.42","3.38"
"2019-12-01","Russian Federation","RUS","643","Europe","150","Eastern Europe","151","30066020","Contrceptiv Base On Othr Prod.Of Hdng 2937","Kgs","0.6","66.58","0.09"
"2019-09-01","Sweden","SWE","752","Europe","150","Northern Europe","154","39269069","Other Hangers","Kgs","6.52","7.23","0.01"
"2019-03-01","Kingdom of the Netherlands","NLD","528","Europe","150","Western Europe","155","15153090","Castor Oilandits Frctns Othr Thn Edble Grade","Kgs","8647.84","9156.27","13.18"
"2018-07-01","Estonia","EST","233","Europe","150","Northern Europe","154","39201019","Other Sheets Of Poleythylene:","Kgs","25.13","29.92","0.04"
"2019-07-01","Denmark","DNK","208","Europe","150","Northern Europe","154","25081090","Othr Bentonite (Incl. Processed, Activatedand Ground","Kgs","178.0","16.81","0.02"
"2016-05-01","United Kingdom of Great Britain and Northern Ireland","GBR","826","Europe","150","Northern Europe","154","84382000","Machinery For The Manufacture Of Confectionery,Cocoa Or Chocolate","Nos","0.0","3.45","0.01"
"2024-10-01","Denmark","DNK","208","Europe","150","Northern Europe","154","85122020","Automobile Lighting Eqpmnt","Nos","4.0","0.0","0.0"
"2015-02-01","United Kingdom of Great Britain and Northern Ireland","GBR","826","Europe","150","Northern Europe","154","8109010","Pomegranates Fresh","Kgs","16.01","53.11","0.09"
"2019-12-01","Sweden","SWE","752","Europe","150","Northern Europe","154","49111090","Othr Advrtsg Matter Printed","Kgs","0.0","0.03",""
"2019-07-01","Estonia","EST","233","Europe","150","Northern Europe","154","40069090","Others Forms And Articles Of Unvlcanised Rubber Excl. Camel Backstrips","Kgs","1.55","3.1","0.0"
"2018-07-01","Romania","ROU","642","Europe","150","Eastern Europe","151","30032000","Other, Containing Antibiotics","Kgs","0.04","2.72","0.0"
"2018-09-01","Kingdom of the Netherlands","NLD","528","Europe","150","Western Europe","155","71131930","Jewellery Of Gold Set With Diamond","Kgs","0.0","88.24","0.12"
"2024-10-01","Germany","DEU","276","Europe","150","Western Europe","155","29189990","Other","Kgs","4477.0","2.21","0.26"
"2025-06-01","Norway","NOR","578","Europe","150","Northern Europe","154","56039390","Other Filmnt Wghng Betwn 70G/Sqm And 150G/Sqm - Others","Kgs","1964.0","0.1","0.01"
"2021-03-01","Sweden","SWE","752","Europe","150","Northern Europe","154","33051090","Hair Shampoos (Non-Spirituous)","Kgs","0.67","2.15","0.0"
"2020-11-01","Spain","ESP","724","Europe","150","Southern Europe","39","28152000","Potassium Hyproxide (Caustic Potash)","Kgs","1.25","6.9","0.01"
"2024-04-01","Belgium","BEL","56","Europe","150","Western Europe","155","84099112","Pistons","Kgs","98.0","0.09","0.01"
"2025-05-01","Belgium","BEL","056","Europe","150","Western Europe","155","84089090","Others","Nos","4.0","1.6","0.19"
"2017-03-01","United Kingdom of Great Britain and Northern Ireland","GBR","826","Europe","150","Northern Europe","154","90138090","*Others","Nos","0.04","0.19","0.0"
"2018-12-01","Italy","ITA","380","Europe","150","Southern Europe","39","73110090","Other Pressure Containers For Transport Or Storage Of Compressed Gases","Kgs","10.05","31.09","0.04"
"2019-08-01","Serbia","SRB","688","Europe","150","Southern Europe","39","49011010","Printed Books","Nos","27.06","9.48","0.01"
"2025-04-01","Spain","ESP","724","Europe","150","Southern Europe","39","90189024","Surgicl,Chisel,Gauges,Elevatrs,Raspators, Osteotome,Craniotome,Bone Cutters,Etc","Nos","360.0","0.01","0.0"
"2015-01-01","United Kingdom of Great Britain and Northern Ireland","GBR","826","Europe","150","Northern Europe","154","85444230","Rubber Insltd Cndctrs Fr <= 1000V Used For Fitted With Connectors","Mtr","0.0","0.01",""
"2015-08-01","Luxembourg","LUX","442","Europe","150","Western Europe","155","62149090","Shawls,Scarves,Etc Of Othr Txtl Fibres","Nos","0.01","0.1","0.0"
"2017-08-01","United Kingdom of Great Britain and Northern Ireland","GBR","826","Europe","150","Northern Europe","154","62105000","Prsnal Prtectve Grmnts Fr Womens And Girls","Nos","1.53","5.4","0.01"
"2021-12-01","France","FRA","250","Europe","150","Western Europe","155","84733020","Prts And Accssrs Of Motherboards","Nos","16.11","530.59","0.7"
"2021-10-01","Kingdom of the Netherlands","NLD","528","Europe","150","Western Europe","155","39204900","Othr Pltes Shts Of Polymr Of Vinyl Chlorid","Kgs","1.65","3.87","0.01"
"2019-10-01","United Kingdom of Great Britain and Northern Ireland","GBR","826","Europe","150","Northern Europe","154","32030010","Cutch(Catechu) Extracts","Kgs","0.0","0.3","0.0"
"2021-10-01","United Kingdom of Great Britain and Northern Ireland","GBR","826","Europe","150","Northern Europe","154","3028930","Pomfret Fresh Or Chilled","Kgs","4.48","21.99","0.03"
"2015-06-01","Portugal","PRT","620","Europe","150","Southern Europe","39","68022390","Others","Kgs","105.5","42.11","0.07"
"2025-02-01","Russian Federation","RUS","643","Europe","150","Eastern Europe","151","40101290","(Cnvyr Blt/Bltng)Renfrcd Wth Txtl Mtrls Where Rubr Compd Content More Than 25% By Weight","Kgs","9730.0","0.58","0.07"
"2021-04-01","Spain","ESP","724","Europe","150","Southern Europe","39","33049910","Creams Face (Excl Turmaric)","Kgs","0.01","0.27","0.0"
"2020-01-01","Kingdom of the Netherlands","NLD","528","Europe","150","Western Europe","155","9042110","Of Genus Capsicum","Kgs","2.43","7.59","0.01"
"2018-10-01","Italy","ITA","380","Europe","150","Southern Europe","39","58109100","Other Embroidery Of Cotton","Kgs","0.68","137.99","0.19"
"2019-03-01","Ireland","IRL","372","Europe","150","Northern Europe","154","63049229","Other Napkins","Nos","64.0","16.2","0.02"
"2024-10-01","Albania","ALB","8","Europe","150","Southern Europe","39","87019300","Other Tractors, Of An Engine Powerexceeding 37 Kw But Not Exceeding 75 Kw","Nos","3.0","0.42","0.05"
"2020-01-01","Austria","AUT","40","Europe","150","Western Europe","155","68041000","Mlstns And Grndstns Fr Mlng,Grndng/Pulpng","Kgs","0.15","0.79","0.0"
"2015-08-01","Denmark","DNK","208","Europe","150","Northern Europe","154","94052010","*Table Lamps,Complete Fittings","Nos","0.72","13.49","0.02"
"2016-03-01","Sweden","SWE","752","Europe","150","Northern Europe","154","84439990","Prts Of Othr Prntng Mchnry And Mchns Fr Uses Ancillary To Printing","Nos","0.05","3.36","0.01"
"2020-09-01","United Kingdom of Great Britain and Northern Ireland","GBR","826","Europe","150","Northern Europe","154","8109050","Bore","Kgs","0.2","0.68","0.0"
"2015-02-01","Poland","POL","616","Europe","150","Eastern Europe","151","73181600","Threaded Nuts","Kgs","21.02","46.92","0.08"
"2018-10-01","Hungary","HUN","348","Europe","150","Eastern Europe","151","85459090","Others","Kgs","0.0","0.01",""
"2021-11-01","Finland","FIN","246","Europe","150","Northern Europe","154","42023190","Others","Nos","1.47","3.13","0.0"
"2024-06-01","Poland","POL","616","Europe","150","Eastern Europe","151","30049099","Other Medcne Put Up For Retail Sale N.E.S","Kgs","39777.0","26.91","3.22"
"2017-03-01","France","FRA","250","Europe","150","Western Europe","155","30049082","Other Antiepileptic Drugs","Kgs","2.73","168.23","0.26"
"2016-10-01","Kingdom of the Netherlands","NLD","528","Europe","150","Western Europe","155","48239090","Others","Kgs","1.0","0.6","0.0"
"2018-05-01","Kingdom of the Netherlands","NLD","528","Europe","150","Western Europe","155","94015900","Other","Nos","0.1","1.23","0.0"
"2018-06-01","Poland","POL","616","Europe","150","Eastern Europe","151","96086090","Othr Refills For Ball Point Pens","Nos","2.0","0.03",""
"2021-05-01","Ireland","IRL","372","Europe","150","Northern Europe","154","87083000","Mounted Brake Linings","Kgs","21.78","47.68","0.07"
"2015-04-01","Bulgaria","BGR","100","Europe","150","Eastern Europe","151","62114300","Other Garments Of Man-Made Fibres","Nos","0.32","0.27","0.0"
"2024-09-01","France","FRA","250","Europe","150","Western Europe","155","62062000","Womens Or Girls Blouses,Shirts And Shirt Blouses Of Wool/Fine Animal Hair","Nos","72.0","0.01","0.0"
"2019-03-01","France","FRA","250","Europe","150","Western Europe","155","61083210","Nightdresses And Pyjamas Of Syn Fibres","Nos","10.97","21.32","0.03"
"2018-11-01","Kingdom of the Netherlands","NLD","528","Europe","150","Western Europe","155","39219092","Othr Plts,Shts,Film Foil,Strip Etc Nes Flexible, Lacquered","Kgs","3.99","17.34","0.02"
"2017-04-01","United Kingdom of Great Britain and Northern Ireland","GBR","826","Europe","150","Northern Europe","154","39269061","Hangers Of Polyurethane Foam","Kgs","16.92","17.36","0.03"
"2024-07-01","Spain","ESP","724","Europe","150","Southern Europe","39","73269060","Manufactrs Of Stnles Stl(Excl Utnsils),Nes","Kgs","11420.0","0.47","0.06"
"2015-06-01","Hungary","HUN","348","Europe","150","Eastern Europe","151","84139190","Others","Kgs","0.02","0.33","0.0"
"2024-05-01","Germany","DEU","276","Europe","150","Western Europe","155","84829119","Other Balls","Kgs","12058.0","0.31","0.04"
"2017-10-01","United Kingdom of Great Britain and Northern Ireland","GBR","826","Europe","150","Northern Europe","154","32041719","Others Pigment Yellow (Organic)","Kgs","23.06","111.05","0.17"
"2021-11-01","Switzerland","CHE","756","Europe","150","Western Europe","155","90303390","Others","Nos","0.01","5.12","0.01"
"2016-03-01","Belgium","BEL","56","Europe","150","Western Europe","155","39235090","Othr Stoprs Lid Capsandothr Clsres Of Plstcs","Kgs","7.7","14.26","0.02"
"2016-09-01","France","FRA","250","Europe","150","Western Europe","155","72192122","Univrsl Plts Of Stnls Stl/Heat Rstng Stl, Nickl Chromium Austenitic Type,>=14 Mm","Kgs","3.0","4.19","0.01"
"2024-11-01","France","FRA","250","Europe","150","Western Europe","155","32041981","Food Colouring Yellow 3 (Sunset Yellow)","Kgs","2300.0","0.08","0.01"
"2015-10-01","Kingdom of the Netherlands","NLD","528","Europe","150","Western Europe","155","54026200","Othr Yarn Of Polystrs,Multpl Or Cabld","Kgs","0.24","0.72","0.0"
"2024-10-01","Germany","DEU","276","Europe","150","Western Europe","155","32041935","Azoic Diazo Compnt 5 (Fst Red B Base)","Kgs","1000.0","0.05","0.01"
"2021-04-01","France","FRA","250","Europe","150","Western Europe","155","62044919","Othr Dresses Of Othr Txtl Materials","Nos","1.18","8.86","0.01"
"2020-12-01","United Kingdom of Great Britain and Northern Ireland","GBR","826","Europe","150","Northern Europe","154","39269029","Othr Couplers,Packing Ring, O Rings And Like","Kgs","8.26","20.34","0.03"
"2021-10-01","Belgium","BEL","056","Europe","150","Western Europe","155","29241900","Other Acyclic Amides And Their Derivtvs, Salts","Kgs","394.52","1086.05","1.45"
"2016-10-01","United Kingdom of Great Britain and Northern Ireland","GBR","826","Europe","150","Northern Europe","154","91059990","Others","Nos","1.1","6.48","0.01"
"2016-03-01","Belgium","BEL","56","Europe","150","Western Europe","155","38089191","Repelant For Insects Such As Flies,Mosquto","Kgs","20.8","114.21","0.17"
"2018-01-01","Serbia","SRB","688","Europe","150","Southern Europe","39","87019100","Other Tractors, Of An Engine Powernot Exceeding 18 Kw","Nos","0.0","15.51","0.02"
"2019-09-01","Poland","POL","616","Europe","150","Eastern Europe","151","55159130","Othr Wvn Fbrc Syn Fibrs Mxd Wth Man -Made Filmnt, Dyed","Sqm","0.65","1.11","0.0"
"2019-10-01","Denmark","DNK","208","Europe","150","Northern Europe","154","30043110","Insulin Injection","Kgs","","0.01",""
"2018-09-01","Norway","NOR","578","Europe","150","Northern Europe","154","44170000","Tools,Tool Bodies,Tool Handles Broom Or Brush Bodies And Handles, Or Wood Boot Or Shoe Lasts And Trees,Of Wood","Kgs","0.9","14.14","0.02"
"2025-02-01","Ireland","IRL","372","Europe","150","Northern Europe","154","87081010","Bumpers Etc For Tractors","Kgs","13083.0","0.89","0.1"
"2019-06-01","Greece","GRC","300","Europe","150","Southern Europe","39","62041100","Suits Of Wool Or Fine Animal Hair","Nos","0.0","0.02",""
"2021-07-01","France","FRA","250","Europe","150","Western Europe","155","82055990","Othr Hnd Tool Incl Glaziers Diamonds Nes","Kgs","31.91","53.96","0.07"
"2020-09-01","Russian Federation","RUS","643","Europe","150","Eastern Europe","151","40115090","Other","Nos","6.63","7.91","0.01"
"2015-05-01","Germany","DEU","276","Europe","150","Western Europe","155","93070000","Swords,Cutlasses,Bayonets,Lances And Smlr Arms And Prts Throf And Scabbards And Sheaths","Nos","2.31","32.06","0.05"
"2017-02-01","Sweden","SWE","752","Europe","150","Northern Europe","154","82077090","Othr Tools For Milling","Kgs","0.02","1.64","0.0"
"2015-12-01","Portugal","PRT","620","Europe","150","Southern Europe","39","84071000","Air-Craft Engines","Nos","0.0","18881.25","28.35"
"2015-10-01","France","FRA","250","Europe","150","Western Europe","155","84822012","Tapered Roller Bearings(Radial Type) >50 Mm Or 2 Inches Bore Diameter But <=100 Mm Or 4 Inches Bore Diameter","Nos","0.51","8.12","0.01"
"2021-02-01","Belgium","BEL","056","Europe","150","Western Europe","155","72202022","Strips For Pipes And Tubes(Other Than Skelp) Nickel Chromium Austenitic Type","Kgs","353.0","1055.23","1.45"
"2025-06-01","Kingdom of the Netherlands","NLD","528","Europe","150","Western Europe","155","62114299","Cotn Grmnts Othr Thn Kurta And Salwar Wth/Without Duppatta - Other","Nos","190273.0","9.96","1.16"
"2021-03-01","Croatia","HRV","191","Europe","150","Southern Europe","39","84133020","Oil Pump","Nos","0.1","0.48","0.0"
"2021-06-01","Italy","ITA","380","Europe","150","Southern Europe","39","64035930","Othr Ftwr Wth Outr Sole Of Lthr For Chldrn","Prs","3.01","37.93","0.05"
"2025-06-01","Belgium","BEL","56","Europe","150","Western Europe","155","40091100","Tubes,Pipes And Hoses Of Vulcnsd Rubr Not Reinforced/Othrwse Combined Wth Othr Materials Without Fittings","Kgs","722.0","0.17","0.02"
"2017-02-01","Germany","DEU","276","Europe","150","Western Europe","155","84589951","Centre Lathes, Tool-Room Type","Nos","0.02","118.58","0.18"
"2021-10-01","Kingdom of the Netherlands","NLD","528","Europe","150","Western Europe","155","90229090","Others","Kgs","13.43","236.39","0.32"
"2019-06-01","Poland","POL","616","Europe","150","Eastern Europe","151","52051110","Grey","Kgs","13.1","16.57","0.02"
"2021-05-01","Ireland","IRL","372","Europe","150","Northern Europe","154","9042211","Chilly Powder","Kgs","1.8","7.53","0.01"
"2018-12-01","France","FRA","250","Europe","150","Western Europe","155","39173100","Flexible Tubes Pipes And Hoses Having A Minimum Burst Pressure Of 27.6 Mpa","Kgs","0.01","0.06",""
"2015-12-01","Belgium","BEL","56","Europe","150","Western Europe","155","72107000","Prdcts Paintd,Vrnshd/Coatd Wth Plstcs","Kgs","148.0","49.64","0.07"
"2015-06-01","Romania","ROU","642","Europe","150","Eastern Europe","151","72222011","Bright Bars-Chromium Type","Kgs","2.0","1.62","0.0"
"2015-04-01","Russian Federation","RUS","643","Europe","150","Eastern Europe","151","94042990","Othr Mattresses Of Othr Material","Nos","1.48","15.0","0.02"
"2019-12-01","Finland","FIN","246","Europe","150","Northern Europe","154","63049281","Cushion Covers Of Handloom","Nos","0.04","0.35","0.0"
"2020-07-01","Kingdom of the Netherlands","NLD","528","Europe","150","Western Europe","155","63049250","Terry Towel Of Cotn, Ntkntd/Crchtd","Nos","384.75","157.06","0.21"
"2021-05-01","Switzerland","CHE","756","Europe","150","Western Europe","155","29335920","Trimethoprim","Kgs","12.6","505.03","0.69"
"2015-01-01","France","FRA","250","Europe","150","Western Europe","155","14049040","Betel Leaves","Kgs","0.27","0.17","0.0"
"2016-08-01","United Kingdom of Great Britain and Northern Ireland","GBR","826","Europe","150","Northern Europe","154","90308990","Others","Nos","0.01","5.38","0.01"
"2024-07-01","Kingdom of the Netherlands","NLD","528","Europe","150","Western Europe","155","83099090","Other Packing Accessories N.E.S.","Kgs","44835.0","1.19","0.14"
"2025-06-01","Norway","NOR","578","Europe","150","Northern Europe","154","62052090","Of Cotton: Other","Nos","6988.0","0.56","0.07"
"2021-08-01","Ireland","IRL","372","Europe","150","Northern Europe","154","72223012","Bright Bars-Nckl Chromium Austenitic Type","Kgs","11.21","24.35","0.03"
"2025-04-01","France","FRA","250","Europe","150","Western Europe","155","29122990","Other Cyclc Aldhyds Without Othr Oxygen Fn","Kgs","10840.0","1.37","0.16"
"2017-02-01","Hungary","HUN","348","Europe","150","Eastern Europe","151","42023190","Others","Nos","5.08","3.71","0.01"
"2020-09-01","United Kingdom of Great Britain and Northern Ireland","GBR","826","Europe","150","Northern Europe","154","61061000","Blouse Etc Of Cotton","Nos","207.3","707.91","0.96"
"2024-09-01","Lithuania","LTU","440","Europe","150","Northern Europe","154","90183910","Catheters (For Urine,Stool)","Nos","3729300.0","5.27","0.63"
"2025-07-01","Russian Federation","RUS","643","Europe","150","Eastern Europe","151","29212100","Ethylenediamine And Its Salts","Kgs","2401.0","1.4","0.16"
"2020-04-01","Germany","DEU","276","Europe","150","Western Europe","155","34021190","*Others(E.G.Alkylsulphates,Technical Dodecylbenzene-Sulphonates,Etc)","Kgs","104.03","81.93","0.11"
"2018-04-01","Italy","ITA","380","Europe","150","Southern Europe","39","85369090","Other","Nos","159.02","237.19","0.36"
"2016-05-01","Switzerland","CHE","756","Europe","150","Western Europe","155","96033010","Artist Brushes","Nos","1.0","0.5","0.0"
"2024-04-01","Russian Federation","RUS","643","Europe","150","Eastern Europe","151","32041981","Food Colouring Yellow 3 (Sunset Yellow)","Kgs","9702.0","0.36","0.04"
"2015-02-01","Switzerland","CHE","756","Europe","150","Western Europe","155","63049289","Other Cushion Covers","Nos","0.47","0.59","0.0"
"2021-09-01","Germany","DEU","276","Europe","150","Western Europe","155","48173090","Othr Papr Stationery Fr Corspndnce Contng Only An Asortmnt Of Papr Stationry","Kgs","0.02","0.81","0.0"
"2021-12-01","France","FRA","250","Europe","150","Western Europe","155","29222933","Para Acetyl Aminophenol(Paracetamol)","Kgs","130.75","957.98","1.27"
"2016-03-01","United Kingdom of Great Britain and Northern Ireland","GBR","826","Europe","150","Northern Europe","154","73170013","Wire Nails","Kgs","15.1","33.8","0.05"
"2025-03-01","Czechia","CZE","203","Europe","150","Eastern Europe","151","72230092","Wire Of Stains Stl Of Thckns 1.5 To 0.46Mm","Kgs","13290.0","0.47","0.05"
"2015-03-01","United Kingdom of Great Britain and Northern Ireland","GBR","826","Europe","150","Northern Europe","154","71031021","*Felspar (Moon Stone)Uncut","Kgs","0.01","3.15","0.01"
"2015-10-01","Portugal","PRT","620","Europe","150","Southern Europe","39","62149060","Shawls Muffelers Etc Of Manmade Fibre","Nos","0.08","0.11","0.0"
"2016-10-01","Italy","ITA","380","Europe","150","Southern Europe","39","52101190","Others","Sqm","96.26","64.21","0.1"
"2025-07-01","Croatia","HRV","191","Europe","150","Southern Europe","39","84834000","Gears And Gearng,Excl Toothd Wheels,Trnsmsn Elmnts Prsntd Seprtly;Ball Scrws;Gear Boxsand Speed Chngrs,Incl Torque C","Nos","10.0","0.0","0.0"
"2016-04-01","Kingdom of the Netherlands","NLD","528","Europe","150","Western Europe","155","30021014","*Snake Venom Antisera","Kgs","0.0","1.42","0.0"
"2015-03-01","Albania","ALB","8","Europe","150","Southern Europe","39","29332990","Other Compnds Cntng An Unfused Imidazole Ring (W/N Hydrgntd ) In Structure","Kgs","0.0","0.15","0.0"
"2016-12-01","United Kingdom of Great Britain and Northern Ireland","GBR","826","Europe","150","Northern Europe","154","73072200","Threaded Elbows,Bnds And Slevs Of Stnles Stl","Kgs","0.3","1.49","0.0"
"2024-12-01","Sweden","SWE","752","Europe","150","Northern Europe","154","38243000","Non-Agglomerated Metal Carbides Mixed Together Or With Metallic Binders","Kgs","23400.0","7.46","0.88"
"2019-06-01","Poland","POL","616","Europe","150","Eastern Europe","151","83012000","Locks Of A Kind Used For Motor Vehicls","Kgs","0.25","3.94","0.01"
"2019-10-01","France","FRA","250","Europe","150","Western Europe","155","85011019","Other Motor Wth Output <=37.5 W","Nos","8.27","300.85","0.42"
"2020-07-01","Spain","ESP","724","Europe","150","Southern Europe","39","85444999","Othr Elctrc Cndctrs Not Fitted Wth Connctrs Used In Telecom Fr <=1000V Excl Papr Plsctic And Rubber Insulated","Mtr","107.72","107.71","0.14"
"2018-07-01","Poland","POL","616","Europe","150","Eastern Europe","151","52053110","Grey","Kgs","7.97","11.19","0.02"
"2016-12-01","Italy","ITA","380","Europe","150","Southern Europe","39","48239019","Decorative Laminates","Kgs","127.49","122.56","0.18"
"2019-05-01","Netherlands Antilles","None","None","Europe","150","Western Europe","155","62045200","Skirts And Divided Skirts Of Cotton","Nos","0.24","0.69","0.0"
"2024-12-01","Germany","DEU","276","Europe","150","Western Europe","155","84824000","Needle Roller Bearings","Nos","974135.0","0.43","0.05"
"2015-01-01","Spain","ESP","724","Europe","150","Southern Europe","39","26219000","Ash And Residues From Incineration Of Otherthan Municipal Waste","Kgs","22.0","2.04","0.0"
"2020-10-01","France","FRA","250","Europe","150","Western Europe","155","3061740","Black Tiger Shrimp (Penaeus Monodon)","Kgs","49.16","381.36","0.52"
"2015-04-01","Finland","FIN","246","Europe","150","Northern Europe","154","29420090","Other Diloxanide Furoate, Cimetidine, Famotidine Nes","Kgs","0.03","11.57","0.02"
"2017-06-01","Spain","ESP","724","Europe","150","Southern Europe","39","85045010","Choke Coils(Chokes)","Nos","1.2","0.63","0.0"
"2020-10-01","Malta","MLT","470","Europe","150","Southern Europe","39","61102000","Jerseys Etc Of Cotton","Nos","0.06","1.65","0.0"